epoch,time,train/box_loss,train/seg_loss,train/cls_loss,train/dfl_loss,metrics/precision(B),metrics/recall(B),metrics/mAP50(B),metrics/mAP50-95(B),metrics/precision(M),metrics/recall(M),metrics/mAP50(M),metrics/mAP50-95(M),val/box_loss,val/seg_loss,val/cls_loss,val/dfl_loss,lr/pg0,lr/pg1,lr/pg2
1,35.9289,0.97264,1.66302,3.80073,1.54747,0.00192,0.41895,0.00229,0.00093,0.50299,0.04,0.00279,0.00082,2.00762,10.7817,89.6569,3.09065,0.000546086,0.000546086,0.000546086
2,55.7742,1.13393,1.28291,1.89593,1.73776,0,0,0,0,0,0,0,0,4.28495,nan,inf,124.207,0.00109903,0.00109903,0.00109903
3,74.4618,1.29405,1.40205,1.65532,1.90253,0.51107,0.02,0.00174,0.00031,0.51107,0.02,0.00164,0.00027,3.59069,151.488,5.68909,7.60937,0.00164922,0.00164922,0.00164922
4,93.1105,1.27046,1.34219,1.60936,1.84661,0.00209,0.16632,0.00136,0.00044,0.00209,0.16632,0.00136,0.00039,4.00627,22.1129,274.774,10.2715,0.00165462,0.00165462,0.00165462
5,111.813,1.21291,1.28691,1.56668,1.77462,0.10961,0.13263,0.02666,0.01123,0.11982,0.19263,0.03121,0.01567,3.03372,5.18689,5.43508,3.5146,0.0016505,0.0016505,0.0016505
6,130.875,1.10548,1.18091,1.30776,1.73183,0.13442,0.11263,0.08234,0.04376,0.13442,0.11263,0.08222,0.04129,2.46566,4.18293,4.72203,3.132,0.00164637,0.00164637,0.00164637
7,149.84,1.02922,1.01325,1.20038,1.6244,0.38599,0.24526,0.19928,0.10796,0.38599,0.24526,0.19519,0.123,1.78303,2.5851,6.16463,1.93404,0.00164225,0.00164225,0.00164225
8,168.773,0.95656,0.9151,1.13492,1.55272,0.20732,0.21844,0.11283,0.062,0.1637,0.18632,0.10419,0.06723,1.90373,2.12718,3.4993,2.19944,0.00163812,0.00163812,0.00163812
9,187.457,0.909,0.85896,1.11742,1.51939,0.37792,0.31253,0.31055,0.18213,0.37792,0.31253,0.3076,0.20836,1.55384,1.77482,2.20168,1.82383,0.00163399,0.00163399,0.00163399
10,206.425,0.90867,0.87255,1.00895,1.50115,0.49509,0.20632,0.25687,0.15781,0.49509,0.20632,0.25962,0.18267,1.63079,1.86908,3.37557,1.94699,0.00162987,0.00162987,0.00162987
11,225.071,0.78566,0.79033,0.97331,1.36881,0.5444,0.21263,0.26545,0.18519,0.5444,0.21263,0.26555,0.18468,1.47068,1.68524,4.30866,1.78272,0.00162574,0.00162574,0.00162574
12,243.874,0.78462,0.82667,0.95316,1.3748,0.32781,0.49158,0.35192,0.22766,0.32781,0.49158,0.35526,0.27437,1.32977,1.6671,2.07544,1.55454,0.00162162,0.00162162,0.00162162
13,262.859,0.78593,0.81081,0.92569,1.37817,0.3441,0.56421,0.35009,0.23234,0.35423,0.58421,0.35747,0.261,1.20661,1.35108,1.88103,1.46593,0.00161749,0.00161749,0.00161749
14,281.491,0.76664,0.74879,0.86383,1.35918,0.42466,0.35263,0.42558,0.31084,0.42466,0.35263,0.42523,0.3252,1.25472,1.53607,1.91233,1.54134,0.00161336,0.00161336,0.00161336
15,300.44,0.70575,0.76668,0.87656,1.28941,0.60046,0.43895,0.38099,0.28104,0.60046,0.43895,0.3806,0.28034,1.11853,1.45279,2.19517,1.4745,0.00160924,0.00160924,0.00160924
16,319.118,0.69766,0.7297,0.81614,1.26039,0.78065,0.41263,0.45994,0.35107,0.83514,0.43165,0.48065,0.35464,1.11441,1.51009,1.92533,1.42075,0.00160511,0.00160511,0.00160511
17,338.273,0.67607,0.69479,0.7862,1.2638,0.30892,0.56929,0.43466,0.32403,0.30892,0.56929,0.43199,0.34853,1.15615,1.35856,1.68449,1.46728,0.00160099,0.00160099,0.00160099
18,356.923,0.63075,0.69542,0.73557,1.21214,0.49517,0.41492,0.47795,0.34159,0.49517,0.41492,0.47455,0.36107,1.21251,1.3713,1.83318,1.56129,0.00159686,0.00159686,0.00159686
19,375.552,0.67063,0.68418,0.77809,1.24069,0.31746,0.42526,0.39666,0.29188,0.31746,0.42526,0.40498,0.31385,1.18242,1.25016,2.14861,1.47166,0.00159274,0.00159274,0.00159274
20,394.174,0.60233,0.64193,0.72374,1.17132,0.88646,0.44649,0.56009,0.39999,0.88646,0.44649,0.55652,0.42101,1.13284,1.33026,1.43542,1.60135,0.00158861,0.00158861,0.00158861
21,413.116,0.621,0.63239,0.81686,1.19422,0.72915,0.48526,0.52842,0.3952,0.72915,0.48526,0.52903,0.40637,1.07341,1.39244,1.6444,1.39186,0.00158448,0.00158448,0.00158448
22,431.934,0.60316,0.6554,0.7239,1.16671,0.39016,0.60337,0.52446,0.39229,0.40213,0.61053,0.53154,0.40778,1.11623,1.34416,1.82443,1.4954,0.00158036,0.00158036,0.00158036
23,450.568,0.60415,0.70848,0.68142,1.21885,0.50698,0.55158,0.56714,0.4258,0.50698,0.55158,0.56609,0.43571,1.00456,1.19407,1.45897,1.44096,0.00157623,0.00157623,0.00157623
24,469.52,0.53748,0.60485,0.61624,1.12032,0.44347,0.55053,0.48989,0.3587,0.44347,0.55053,0.48953,0.35804,1.12157,1.33478,1.59936,1.47973,0.00157211,0.00157211,0.00157211
25,488.22,0.55223,0.60766,0.64787,1.13269,0.46539,0.50856,0.51927,0.41786,0.46539,0.50856,0.51927,0.44545,0.97847,1.16741,1.58937,1.37383,0.00156798,0.00156798,0.00156798
26,507.153,0.55626,0.65911,0.64152,1.13801,0.61978,0.48879,0.45197,0.34977,0.61978,0.48879,0.44866,0.36161,0.97637,1.22705,1.70549,1.37641,0.00156385,0.00156385,0.00156385
27,525.957,0.51703,0.5714,0.60339,1.10341,0.65378,0.44498,0.47949,0.33408,0.65378,0.44498,0.48644,0.35873,1.10797,1.27294,1.64582,1.48443,0.00155973,0.00155973,0.00155973
28,544.586,0.53109,0.54784,0.59481,1.10807,0.51851,0.66316,0.53561,0.38203,0.51851,0.66316,0.53334,0.41418,1.0816,1.19084,1.43728,1.38672,0.0015556,0.0015556,0.0015556
29,563.226,0.55035,0.55315,0.66784,1.11427,0.49279,0.66316,0.51005,0.38275,0.48361,0.63684,0.50573,0.39875,1.08179,1.21808,1.74315,1.41958,0.00155148,0.00155148,0.00155148
30,581.852,0.51628,0.59024,0.59035,1.09087,0.70441,0.49349,0.61709,0.46205,0.70441,0.49349,0.61709,0.48862,1.00171,1.05912,1.40105,1.38965,0.00154735,0.00154735,0.00154735
31,600.98,0.48325,0.52964,0.52127,1.0569,0.72844,0.55789,0.66703,0.50279,0.72844,0.55789,0.66703,0.51557,1.01934,1.12072,1.1846,1.44991,0.00154323,0.00154323,0.00154323
32,619.969,0.49631,0.54626,0.52896,1.08491,0.71874,0.51967,0.63527,0.47543,0.71874,0.51967,0.63527,0.52037,0.9892,1.12898,1.3428,1.33868,0.0015391,0.0015391,0.0015391
33,638.685,0.51559,0.59958,0.54732,1.0748,0.74756,0.54723,0.57962,0.43803,0.66193,0.52169,0.5423,0.42006,1.00759,1.24538,1.60363,1.41617,0.00153497,0.00153497,0.00153497
34,657.345,0.52126,0.62782,0.54356,1.10081,0.61089,0.6627,0.69244,0.4867,0.61089,0.6627,0.6851,0.4968,1.02771,1.3203,1.26991,1.42587,0.00153085,0.00153085,0.00153085
35,676.018,0.50894,0.61403,0.52661,1.08222,0.53825,0.78211,0.74142,0.55553,0.56036,0.75579,0.72898,0.5647,0.97962,1.2111,1.15047,1.35051,0.00152672,0.00152672,0.00152672
36,695.141,0.46666,0.5458,0.47209,1.05063,0.56651,0.53789,0.59689,0.49198,0.56651,0.53789,0.59689,0.48085,0.92597,1.14939,1.74084,1.29824,0.0015226,0.0015226,0.0015226
37,713.798,0.45187,0.53615,0.48374,1.04046,0.50297,0.62947,0.54667,0.41418,0.50297,0.62947,0.54667,0.42154,1.02106,1.11497,1.72774,1.44433,0.00151847,0.00151847,0.00151847
38,732.437,0.52478,0.53215,0.5268,1.09269,0.6277,0.63101,0.70554,0.50217,0.60199,0.60879,0.68638,0.54332,1.0961,1.06518,1.1613,1.42691,0.00151434,0.00151434,0.00151434
39,751.068,0.47406,0.48546,0.48982,1.06233,0.77145,0.58876,0.71434,0.56938,0.77145,0.58876,0.71434,0.57617,0.87826,1.13288,1.12079,1.31279,0.00151022,0.00151022,0.00151022
40,770.068,0.45519,0.49945,0.48908,1.02306,0.5608,0.65788,0.56576,0.45678,0.5608,0.65788,0.56576,0.45455,0.91116,1.1607,1.4245,1.31384,0.00150609,0.00150609,0.00150609
41,788.732,0.44583,0.48274,0.43917,1.01252,0.54438,0.75579,0.63882,0.49682,0.54438,0.75579,0.63882,0.51154,0.89435,1.06822,1.28289,1.30679,0.00150197,0.00150197,0.00150197
42,807.539,0.46724,0.47253,0.4668,1.0419,0.76404,0.6147,0.72643,0.54973,0.76404,0.6147,0.72643,0.59383,0.89817,1.00957,1.21988,1.32378,0.00149784,0.00149784,0.00149784
43,826.2,0.48302,0.46451,0.57512,1.03147,0.57826,0.63053,0.65013,0.52806,0.57826,0.63053,0.65013,0.52785,0.85656,0.99723,1.33427,1.28518,0.00149372,0.00149372,0.00149372
44,844.847,0.44616,0.4691,0.43694,1.01526,0.56556,0.62421,0.62904,0.477,0.56556,0.62421,0.62339,0.48293,0.99365,1.13547,1.27635,1.41572,0.00148959,0.00148959,0.00148959
45,863.515,0.42493,0.46175,0.42437,1.00505,0.651,0.61808,0.65914,0.5318,0.651,0.61808,0.65683,0.53858,0.82154,0.9747,1.30193,1.20792,0.00148546,0.00148546,0.00148546
46,882.143,0.41023,0.43241,0.45986,1.00298,0.84157,0.53695,0.68758,0.55032,0.84157,0.53695,0.69057,0.55852,0.90047,1.18179,1.40938,1.29954,0.00148134,0.00148134,0.00148134
47,900.972,0.42589,0.44399,0.39799,1.02131,0.79645,0.68245,0.75363,0.59951,0.79645,0.68245,0.75245,0.62056,0.90755,1.10964,1.08954,1.29474,0.00147721,0.00147721,0.00147721
48,920.095,0.42123,0.4332,0.40996,0.99614,0.71093,0.79474,0.76218,0.59751,0.71093,0.79474,0.76218,0.62332,0.88824,0.9928,1.07188,1.27876,0.00147309,0.00147309,0.00147309
49,939.079,0.41621,0.45716,0.41716,0.99207,0.63801,0.55789,0.65328,0.48219,0.63801,0.55789,0.65328,0.50831,0.93441,1.0834,1.41946,1.34516,0.00146896,0.00146896,0.00146896
50,957.698,0.41495,0.43256,0.41589,1.00159,0.51866,0.7136,0.66676,0.50765,0.51866,0.7136,0.67595,0.53075,0.98155,1.11367,1.33731,1.35203,0.00146483,0.00146483,0.00146483
51,976.334,0.38275,0.4075,0.37364,0.98527,0.78417,0.59158,0.74884,0.58802,0.78417,0.59158,0.74884,0.60367,0.87973,0.98336,1.12447,1.24782,0.00146071,0.00146071,0.00146071
52,995.152,0.38442,0.40565,0.36264,0.96659,0.64936,0.67684,0.70047,0.54724,0.64936,0.67684,0.70047,0.56439,0.8827,1.0196,1.12244,1.26685,0.00145658,0.00145658,0.00145658
53,1013.81,0.4195,0.43732,0.37853,0.99779,0.848,0.61053,0.73673,0.53665,0.848,0.61053,0.74118,0.5419,0.89688,1.03191,1.0667,1.31525,0.00145246,0.00145246,0.00145246
54,1032.45,0.4255,0.43257,0.38379,1.00435,0.70225,0.68675,0.73343,0.57414,0.70225,0.68675,0.73343,0.60024,0.84688,1.03615,1.07401,1.20713,0.00144833,0.00144833,0.00144833
55,1051.15,0.4124,0.47432,0.41108,0.9838,0.72819,0.71462,0.74422,0.57099,0.72819,0.71462,0.74293,0.58803,0.8405,1.02241,1.017,1.26505,0.00144421,0.00144421,0.00144421
56,1069.82,0.38429,0.43168,0.38158,0.95936,0.74084,0.72947,0.76179,0.60046,0.74084,0.72947,0.76179,0.61526,0.88299,1.01418,0.97607,1.31238,0.00144008,0.00144008,0.00144008
57,1088.68,0.391,0.42277,0.37176,0.97811,0.74214,0.69684,0.71584,0.5588,0.74214,0.69684,0.7152,0.59487,0.80064,0.99385,1.15759,1.24045,0.00143595,0.00143595,0.00143595
58,1107.42,0.37712,0.43609,0.37122,0.95283,0.65431,0.73441,0.75438,0.59185,0.84534,0.62619,0.79541,0.6104,0.83429,0.98174,1.00397,1.21197,0.00143183,0.00143183,0.00143183
59,1126.08,0.37335,0.40886,0.35572,0.96619,0.61929,0.68762,0.69597,0.56444,0.61929,0.68762,0.69597,0.57026,0.90854,1.1825,1.02585,1.36644,0.0014277,0.0014277,0.0014277
60,1144.77,0.36441,0.39805,0.33654,0.95288,0.73968,0.7211,0.75294,0.58425,0.79641,0.65645,0.74241,0.60685,0.83321,0.94728,1.06677,1.19955,0.00142358,0.00142358,0.00142358
61,1163.67,0.37423,0.40309,0.35294,0.96194,0.83732,0.70316,0.80045,0.61991,0.83732,0.70316,0.80045,0.6472,0.84008,1.081,0.99432,1.28053,0.00141945,0.00141945,0.00141945
62,1182.63,0.37111,0.37998,0.37622,0.9527,0.69765,0.56421,0.64721,0.52345,0.69765,0.56421,0.64721,0.54832,0.826,0.98705,1.32943,1.24446,0.00141532,0.00141532,0.00141532
63,1201.42,0.3685,0.37048,0.36123,0.95525,0.85596,0.59329,0.7357,0.56348,0.85596,0.59329,0.74229,0.58626,0.8844,1.03314,1.13143,1.33841,0.0014112,0.0014112,0.0014112
64,1220.16,0.36002,0.38471,0.34713,0.95732,0.83096,0.73579,0.80932,0.62485,0.83096,0.73579,0.81102,0.64987,0.83046,0.8462,0.97564,1.24584,0.00140707,0.00140707,0.00140707
65,1239.25,0.36002,0.38324,0.35076,0.94621,0.76382,0.84305,0.87413,0.67874,0.76382,0.84305,0.87413,0.71396,0.74358,0.84116,0.78293,1.21404,0.00140295,0.00140295,0.00140295
66,1258.22,0.36466,0.39103,0.33953,0.94958,0.76848,0.83117,0.85624,0.66222,0.76848,0.83117,0.85624,0.66223,0.80216,1.06682,0.86355,1.26688,0.00139882,0.00139882,0.00139882
67,1276.98,0.36186,0.38477,0.3408,0.96724,0.71933,0.76612,0.78278,0.62187,0.71933,0.76612,0.78278,0.6405,0.83918,0.97287,0.91134,1.25051,0.0013947,0.0013947,0.0013947
68,1295.64,0.35764,0.36145,0.32605,0.94474,0.75639,0.67684,0.76063,0.59402,0.75639,0.67684,0.76063,0.61314,0.8139,1.05159,1.04129,1.23964,0.00139057,0.00139057,0.00139057
69,1314.38,0.35659,0.37407,0.32945,0.92647,0.53393,0.90737,0.75745,0.57899,0.53393,0.90737,0.75745,0.6023,0.87616,1.03503,1.04197,1.28786,0.00138644,0.00138644,0.00138644
70,1333.28,0.35163,0.36709,0.3237,0.94306,0.80285,0.80211,0.84533,0.67361,0.80285,0.80211,0.84533,0.68777,0.77864,0.96454,0.89629,1.22944,0.00138232,0.00138232,0.00138232
71,1351.97,0.36109,0.3919,0.36151,0.93084,0.82512,0.75998,0.83082,0.65995,0.82512,0.75998,0.83082,0.67944,0.79636,0.92027,0.82375,1.246,0.00137819,0.00137819,0.00137819
72,1370.74,0.35743,0.37133,0.32815,0.94544,0.696,0.79579,0.78696,0.61758,0.696,0.79579,0.78696,0.63817,0.78728,1.08198,1.06135,1.21602,0.00137407,0.00137407,0.00137407
73,1389.46,0.34143,0.35153,0.32698,0.91913,0.77365,0.80605,0.82788,0.63593,0.77365,0.80605,0.82242,0.67376,0.84085,0.88068,0.98265,1.31008,0.00136994,0.00136994,0.00136994
74,1408.28,0.34168,0.35671,0.31139,0.92832,0.74953,0.66551,0.74595,0.59704,0.74953,0.66551,0.74595,0.62138,0.72094,0.89166,0.97622,1.20331,0.00136581,0.00136581,0.00136581
75,1426.92,0.35938,0.38537,0.3345,0.92367,0.82929,0.8577,0.88273,0.71092,0.82929,0.8577,0.88273,0.73031,0.71386,0.79706,0.81443,1.17661,0.00136169,0.00136169,0.00136169
76,1445.86,0.33524,0.34348,0.29865,0.91873,0.68899,0.74947,0.77269,0.66302,0.68899,0.74947,0.77269,0.66034,0.69286,0.88947,0.86651,1.12997,0.00135756,0.00135756,0.00135756
77,1464.56,0.33848,0.35158,0.30404,0.92799,0.67842,0.78986,0.80367,0.64839,0.67842,0.78986,0.79238,0.66863,0.75273,0.90209,0.85436,1.18951,0.00135344,0.00135344,0.00135344
78,1483.23,0.33321,0.34336,0.29809,0.91366,0.77607,0.85182,0.88633,0.68558,0.75008,0.8266,0.86592,0.71719,0.77475,0.99172,0.78887,1.25941,0.00134931,0.00134931,0.00134931
79,1502.05,0.33713,0.33474,0.32059,0.92622,0.86964,0.72316,0.86976,0.67166,0.86964,0.72316,0.86976,0.67338,0.83285,1.08237,0.82514,1.30024,0.00134519,0.00134519,0.00134519
80,1520.68,0.3463,0.37349,0.33369,0.92782,0.65415,0.78211,0.78082,0.66019,0.65415,0.78211,0.78312,0.66812,0.74705,0.98047,0.94127,1.19403,0.00134106,0.00134106,0.00134106
81,1539.39,0.34136,0.3395,0.31575,0.93394,0.65396,0.71872,0.74509,0.58358,0.65396,0.71872,0.74509,0.60448,0.75313,0.92905,0.96318,1.24022,0.00133693,0.00133693,0.00133693
82,1558.03,0.35062,0.3488,0.31681,0.9375,0.83076,0.70316,0.76656,0.63609,0.83076,0.70316,0.7647,0.65477,0.76548,0.98905,0.93855,1.19974,0.00133281,0.00133281,0.00133281
83,1576.86,0.32433,0.34467,0.30101,0.91889,0.78817,0.89104,0.88643,0.692,0.78817,0.89104,0.88643,0.70747,0.76533,0.93423,0.77811,1.18478,0.00132868,0.00132868,0.00132868
84,1595.49,0.34086,0.35141,0.30204,0.92794,0.72081,0.82211,0.8428,0.70309,0.74852,0.84842,0.86913,0.71534,0.6979,0.91636,0.7722,1.13713,0.00132456,0.00132456,0.00132456
85,1614.16,0.32953,0.33434,0.28988,0.91377,0.77325,0.78759,0.80207,0.65939,0.77325,0.78759,0.80207,0.67818,0.65826,0.85394,0.85436,1.13466,0.00132043,0.00132043,0.00132043
86,1632.79,0.31946,0.31731,0.28708,0.91272,0.84187,0.84704,0.87682,0.69602,0.84187,0.84704,0.87682,0.72031,0.74346,0.87344,0.71187,1.22962,0.0013163,0.0013163,0.0013163
87,1651.67,0.33823,0.32999,0.35299,0.9186,0.8078,0.7604,0.84972,0.68077,0.8078,0.7604,0.84972,0.70752,0.70305,0.8322,0.82551,1.20365,0.00131218,0.00131218,0.00131218
88,1670.31,0.31151,0.31456,0.292,0.89575,0.71827,0.85474,0.8192,0.69523,0.71827,0.85474,0.8192,0.70564,0.65476,0.83311,0.91552,1.11197,0.00130805,0.00130805,0.00130805
89,1688.99,0.30251,0.30831,0.276,0.89545,0.83279,0.74947,0.82834,0.65929,0.83279,0.74947,0.82834,0.67934,0.7356,0.94864,0.99172,1.16327,0.00130393,0.00130393,0.00130393
90,1707.7,0.31044,0.30103,0.27692,0.90975,0.84258,0.84105,0.83203,0.66311,0.84258,0.84105,0.83203,0.68852,0.77793,1.04075,0.85059,1.20696,0.0012998,0.0012998,0.0012998
91,1726.54,0.29706,0.31282,0.28775,0.89097,0.79589,0.86105,0.90421,0.73137,0.79589,0.86105,0.90421,0.75065,0.69562,0.83272,0.80414,1.1581,0.00129568,0.00129568,0.00129568
92,1745.52,0.31867,0.3113,0.31005,0.8948,0.68604,0.73579,0.74968,0.62906,0.68604,0.73579,0.73975,0.61399,0.75985,1.09767,0.90931,1.29544,0.00129155,0.00129155,0.00129155
93,1764.19,0.32193,0.29753,0.28891,0.90776,0.7788,0.80842,0.81695,0.69974,0.7788,0.80842,0.81695,0.70816,0.67412,0.85921,0.92115,1.13046,0.00128742,0.00128742,0.00128742
94,1782.83,0.30258,0.29683,0.28108,0.90453,0.81546,0.8454,0.87325,0.68637,0.81546,0.8454,0.87325,0.71114,0.75932,1.00415,0.72806,1.21353,0.0012833,0.0012833,0.0012833
95,1801.66,0.31244,0.28503,0.27677,0.90754,0.77183,0.80448,0.83385,0.68578,0.77287,0.8188,0.85009,0.69861,0.73258,0.99396,0.83952,1.19682,0.00127917,0.00127917,0.00127917
96,1820.3,0.31345,0.29948,0.27459,0.90383,0.89525,0.84241,0.89008,0.7065,0.86975,0.87049,0.90088,0.72835,0.75455,0.9347,0.6825,1.2505,0.00127505,0.00127505,0.00127505
97,1838.98,0.31962,0.30704,0.28165,0.89437,0.81409,0.77579,0.85117,0.69034,0.81409,0.77579,0.85117,0.71752,0.6988,0.85585,0.80317,1.16573,0.00127092,0.00127092,0.00127092
98,1857.63,0.2902,0.28643,0.25426,0.8943,0.84265,0.7708,0.85113,0.7078,0.84265,0.7708,0.85113,0.7341,0.6751,0.83711,0.7903,1.13644,0.00126679,0.00126679,0.00126679
99,1876.26,0.31103,0.31567,0.3732,0.90862,0.82487,0.84401,0.90962,0.73909,0.82487,0.84401,0.90962,0.78495,0.68775,0.72483,0.82516,1.15491,0.00126267,0.00126267,0.00126267
100,1895.38,0.29011,0.28868,0.25642,0.88548,0.80805,0.85048,0.85821,0.69302,0.80805,0.85048,0.85821,0.72323,0.74658,0.82947,0.72889,1.18675,0.00125854,0.00125854,0.00125854
101,1914.04,0.27912,0.29635,0.25307,0.88356,0.87256,0.74947,0.87364,0.72456,0.87256,0.74947,0.87364,0.73678,0.67716,0.87908,0.78507,1.09787,0.00125442,0.00125442,0.00125442
102,1932.7,0.29757,0.27982,0.26074,0.88471,0.75002,0.78211,0.82948,0.65784,0.75002,0.78211,0.82948,0.69733,0.71626,0.85633,0.95158,1.12287,0.00125029,0.00125029,0.00125029
103,1951.34,0.30345,0.27028,0.26822,0.88662,0.77771,0.8455,0.85187,0.68133,0.77771,0.8455,0.85187,0.68622,0.68705,0.98513,0.88597,1.1082,0.00124617,0.00124617,0.00124617
104,1970.18,0.29384,0.29041,0.25724,0.89251,0.79675,0.86842,0.8599,0.68976,0.79675,0.86842,0.8599,0.72902,0.70569,0.8534,0.85238,1.17929,0.00124204,0.00124204,0.00124204
105,1988.85,0.2904,0.28723,0.24926,0.89849,0.848,0.74842,0.84588,0.68566,0.848,0.74842,0.84588,0.71015,0.70605,0.84754,0.93479,1.12813,0.00123791,0.00123791,0.00123791
106,2007.52,0.27574,0.28602,0.33628,0.88056,0.8544,0.82721,0.87255,0.72836,0.8544,0.82721,0.87255,0.75573,0.63653,0.88803,0.70714,1.06984,0.00123379,0.00123379,0.00123379
107,2026.16,0.28413,0.30655,0.26715,0.88434,0.88514,0.79067,0.85201,0.67674,0.88514,0.79067,0.85201,0.71037,0.6897,0.81836,0.77357,1.20204,0.00122966,0.00122966,0.00122966
108,2044.8,0.29287,0.28778,0.25687,0.88288,0.85837,0.72947,0.85647,0.71744,0.85837,0.72947,0.85647,0.74036,0.63246,0.78691,0.77279,1.12471,0.00122554,0.00122554,0.00122554
109,2063.48,0.28506,0.27741,0.25612,0.87851,0.85027,0.75579,0.88917,0.74047,0.85027,0.75579,0.88917,0.76173,0.62596,0.80351,0.6718,1.11393,0.00122141,0.00122141,0.00122141
110,2082.34,0.29742,0.31507,0.34235,0.89071,0.84889,0.79848,0.87002,0.72999,0.83406,0.84004,0.88952,0.74623,0.66171,0.84057,0.6712,1.18777,0.00121729,0.00121729,0.00121729
111,2100.96,0.28506,0.29312,0.26834,0.87717,0.84991,0.70796,0.87672,0.73595,0.89865,0.73409,0.90144,0.75755,0.64084,0.72444,0.79912,1.10542,0.00121316,0.00121316,0.00121316
112,2119.61,0.27663,0.28135,0.257,0.8692,0.91592,0.70149,0.83551,0.67433,0.93958,0.73135,0.85509,0.68981,0.65547,0.90392,0.81713,1.14914,0.00120903,0.00120903,0.00120903
113,2138.28,0.27671,0.28933,0.2529,0.88494,0.78443,0.82842,0.85814,0.72311,0.78443,0.82842,0.85814,0.72962,0.64842,0.86436,0.64854,1.16441,0.00120491,0.00120491,0.00120491
114,2156.92,0.28685,0.28501,0.26032,0.88053,0.80599,0.70316,0.77058,0.64966,0.80599,0.70316,0.77058,0.67884,0.71756,0.91568,0.95489,1.21745,0.00120078,0.00120078,0.00120078
115,2175.72,0.28011,0.29246,0.2507,0.8752,0.77676,0.8173,0.82677,0.71328,0.77676,0.8173,0.82921,0.72135,0.60395,0.76715,0.83775,1.12319,0.00119666,0.00119666,0.00119666
116,2194.36,0.26741,0.31484,0.24074,0.88069,0.81242,0.94518,0.90591,0.75399,0.81242,0.94518,0.90591,0.76022,0.6944,0.91184,0.63436,1.17261,0.00119253,0.00119253,0.00119253
117,2213.02,0.26829,0.26834,0.2429,0.8713,0.90509,0.84017,0.92641,0.75426,0.90509,0.84017,0.92641,0.80464,0.68651,0.85117,0.65706,1.13207,0.0011884,0.0011884,0.0011884
118,2231.99,0.27722,0.27534,0.24382,0.87983,0.83845,0.85474,0.87581,0.69969,0.83845,0.85474,0.87581,0.7392,0.72191,0.91063,0.66135,1.17883,0.00118428,0.00118428,0.00118428
119,2250.63,0.27648,0.27662,0.2405,0.87293,0.85959,0.70947,0.82786,0.68413,0.85959,0.70947,0.82786,0.71767,0.69952,0.83909,0.81797,1.15597,0.00118015,0.00118015,0.00118015
120,2269.45,0.27938,0.24846,0.24613,0.87711,0.86801,0.85474,0.91279,0.7386,0.86801,0.85474,0.91975,0.77476,0.70669,0.83979,0.64836,1.17145,0.00117603,0.00117603,0.00117603
121,2288.1,0.26902,0.25608,0.235,0.87208,0.93599,0.85273,0.93193,0.76129,0.93599,0.85273,0.93193,0.79793,0.73279,0.88344,0.64894,1.19105,0.0011719,0.0011719,0.0011719
122,2307.06,0.2507,0.24649,0.2309,0.86578,0.91083,0.95309,0.96731,0.81915,0.91083,0.95309,0.96731,0.82177,0.62825,0.81129,0.55558,1.09613,0.00116778,0.00116778,0.00116778
123,2326,0.27229,0.23322,0.2507,0.86638,0.91124,0.87686,0.91935,0.77091,0.91124,0.87686,0.91935,0.77556,0.65581,0.83769,0.70895,1.11172,0.00116365,0.00116365,0.00116365
124,2344.63,0.26848,0.25151,0.23233,0.8662,0.89148,0.88105,0.91973,0.76054,0.89148,0.88105,0.91973,0.78314,0.6548,0.8691,0.63215,1.10912,0.00115952,0.00115952,0.00115952
125,2363.5,0.27494,0.24214,0.24779,0.88254,0.91376,0.88861,0.95332,0.76665,0.91376,0.88861,0.95332,0.81326,0.70358,0.77362,0.61586,1.14351,0.0011554,0.0011554,0.0011554
126,2382.13,0.27537,0.25447,0.24559,0.87443,0.84214,0.8696,0.91629,0.7674,0.87148,0.89592,0.92864,0.79805,0.62513,0.74596,0.64132,1.14869,0.00115127,0.00115127,0.00115127
127,2400.8,0.26912,0.25011,0.23692,0.8581,0.81871,0.87735,0.88436,0.73346,0.84526,0.90355,0.91262,0.76207,0.66687,0.79497,0.68039,1.16273,0.00114715,0.00114715,0.00114715
128,2419.45,0.25375,0.24944,0.26722,0.84685,0.86233,0.82562,0.83956,0.69685,0.86233,0.82562,0.83956,0.72527,0.69181,0.86992,0.80073,1.12727,0.00114302,0.00114302,0.00114302
129,2438.25,0.24875,0.23704,0.23364,0.85544,0.90204,0.8692,0.95976,0.79609,0.90204,0.8692,0.95976,0.84431,0.68815,0.73368,0.58738,1.13088,0.00113889,0.00113889,0.00113889
130,2456.9,0.26187,0.24785,0.23694,0.86708,0.88248,0.84533,0.90174,0.74868,0.88248,0.84533,0.90174,0.76917,0.67519,0.83815,0.68289,1.13672,0.00113477,0.00113477,0.00113477
131,2475.55,0.2746,0.27096,0.28451,0.87292,0.7335,0.89712,0.85969,0.71907,0.75501,0.92226,0.86964,0.74907,0.63209,0.81782,0.65436,1.14202,0.00113064,0.00113064,0.00113064
132,2494.19,0.26711,0.26378,0.23259,0.87458,0.76573,0.85474,0.8684,0.73664,0.80357,0.84021,0.87018,0.76795,0.6612,0.88858,0.69694,1.11917,0.00112652,0.00112652,0.00112652
133,2512.88,0.25754,0.2591,0.22714,0.86112,0.85916,0.78211,0.88901,0.75421,0.85916,0.78211,0.88901,0.75837,0.63401,0.88324,0.63622,1.13802,0.00112239,0.00112239,0.00112239
134,2531.67,0.25537,0.24271,0.23568,0.86638,0.81429,0.84759,0.82664,0.70002,0.81429,0.84759,0.82664,0.71252,0.60715,0.8167,0.70016,1.07941,0.00111827,0.00111827,0.00111827
135,2550.33,0.26074,0.2424,0.23349,0.86034,0.80472,0.82141,0.86095,0.70635,0.80472,0.82141,0.86095,0.73654,0.61781,0.91204,0.74521,1.12682,0.00111414,0.00111414,0.00111414
136,2569,0.27595,0.27478,0.25449,0.87374,0.89986,0.75314,0.88587,0.74966,0.89986,0.75314,0.88587,0.79113,0.62829,0.83594,0.80049,1.11206,0.00111001,0.00111001,0.00111001
137,2587.69,0.27677,0.23951,0.3172,0.87324,0.85133,0.80707,0.89726,0.75476,0.85133,0.80707,0.89726,0.76623,0.64657,0.94503,0.63022,1.11712,0.00110589,0.00110589,0.00110589
138,2606.51,0.27653,0.27002,0.24092,0.87964,0.80898,0.87202,0.8856,0.7501,0.80898,0.87202,0.8856,0.77,0.63445,0.92292,0.68545,1.0869,0.00110176,0.00110176,0.00110176
139,2625.15,0.24849,0.24345,0.22496,0.8551,0.79528,0.78211,0.85241,0.73068,0.79528,0.78211,0.85241,0.74947,0.63063,0.81043,0.75732,1.10809,0.00109764,0.00109764,0.00109764
140,2643.82,0.25705,0.24431,0.2295,0.86845,0.76142,0.8368,0.86289,0.72392,0.76142,0.8368,0.86289,0.75285,0.64832,0.86783,0.79285,1.13822,0.00109351,0.00109351,0.00109351
141,2662.51,0.26336,0.23919,0.23925,0.85985,0.84543,0.75398,0.85483,0.72184,0.84543,0.75398,0.85483,0.75279,0.61817,0.84099,0.75244,1.09439,0.00108938,0.00108938,0.00108938
142,2681.16,0.25078,0.24224,0.22263,0.86009,0.83448,0.78211,0.87616,0.74825,0.83448,0.78211,0.87616,0.76594,0.64066,0.84436,0.67339,1.1078,0.00108526,0.00108526,0.00108526
143,2699.82,0.24515,0.22252,0.21657,0.85908,0.84516,0.78211,0.89128,0.78179,0.84516,0.78211,0.89128,0.78262,0.54413,0.74563,0.65545,1.06272,0.00108113,0.00108113,0.00108113
144,2718.65,0.24545,0.23504,0.21589,0.84155,0.76451,0.9162,0.92881,0.8,0.76451,0.9162,0.92881,0.81079,0.56843,0.82929,0.58822,1.05363,0.00107701,0.00107701,0.00107701
145,2737.33,0.25346,0.24519,0.22251,0.85802,0.80278,0.93368,0.91455,0.79527,0.80278,0.93368,0.91455,0.81167,0.58639,0.78458,0.55394,1.06934,0.00107288,0.00107288,0.00107288
146,2756.01,0.24859,0.25569,0.21895,0.87475,0.81867,0.90737,0.92666,0.78908,0.88227,0.88105,0.93445,0.80356,0.60261,0.77432,0.58705,1.08616,0.00106876,0.00106876,0.00106876
147,2774.67,0.24623,0.23093,0.21816,0.84899,0.90083,0.88105,0.94836,0.82051,0.90583,0.90223,0.9546,0.83798,0.57995,0.75401,0.50104,1.0901,0.00106463,0.00106463,0.00106463
148,2793.63,0.25635,0.24345,0.22068,0.86798,0.93214,0.82211,0.94299,0.80926,0.90933,0.8666,0.95106,0.82469,0.55644,0.80849,0.54636,1.03013,0.0010605,0.0010605,0.0010605
149,2812.49,0.23935,0.22194,0.2118,0.85794,0.9137,0.82211,0.928,0.79483,0.9137,0.82211,0.928,0.81802,0.56927,0.7909,0.53597,1.06806,0.00105638,0.00105638,0.00105638
150,2831.14,0.24801,0.21119,0.22184,0.86084,0.8771,0.92225,0.96111,0.8231,0.8771,0.92225,0.96585,0.84959,0.60955,0.82059,0.54703,1.07481,0.00105225,0.00105225,0.00105225
151,2850.1,0.24209,0.21073,0.21108,0.85831,0.86138,0.87494,0.89505,0.77609,0.86138,0.87494,0.89505,0.78469,0.5768,0.80455,0.73856,1.08551,0.00104813,0.00104813,0.00104813
152,2868.72,0.22844,0.20561,0.20358,0.84962,0.87867,0.79706,0.89246,0.76776,0.8881,0.82443,0.89788,0.79239,0.58685,0.76251,0.65943,1.08596,0.001044,0.001044,0.001044
153,2887.42,0.23738,0.20755,0.21455,0.84364,0.85605,0.82341,0.89967,0.7489,0.8537,0.82494,0.91322,0.77629,0.60235,0.83579,0.66702,1.06759,0.00103987,0.00103987,0.00103987
154,2906.09,0.2416,0.21478,0.21318,0.85193,0.91976,0.81865,0.91071,0.778,0.9503,0.84497,0.92559,0.81453,0.6179,0.78098,0.59646,1.12696,0.00103575,0.00103575,0.00103575
155,2924.92,0.22914,0.2085,0.20659,0.83699,0.92881,0.9533,0.93739,0.80489,0.92881,0.9533,0.94147,0.83004,0.5888,0.77579,0.50918,1.11462,0.00103162,0.00103162,0.00103162
156,2943.57,0.23246,0.21723,0.20799,0.83541,0.8246,0.94752,0.9555,0.8215,0.84135,0.96724,0.963,0.85398,0.61105,0.8556,0.5144,1.12616,0.0010275,0.0010275,0.0010275
157,2962.6,0.23605,0.21848,0.27509,0.83894,0.84825,0.92005,0.91698,0.79222,0.88262,0.88105,0.9227,0.81446,0.56388,0.9201,0.5609,1.04687,0.00102337,0.00102337,0.00102337
158,2981.23,0.23171,0.22617,0.2112,0.85068,0.83773,0.91461,0.91034,0.79028,0.83773,0.91461,0.91034,0.79784,0.58113,0.86005,0.62043,1.06067,0.00101925,0.00101925,0.00101925
159,2999.87,0.22194,0.22822,0.20575,0.84309,0.87577,0.84105,0.93204,0.80615,0.87577,0.84105,0.93204,0.82352,0.58968,0.87153,0.58001,1.08757,0.00101512,0.00101512,0.00101512
160,3018.6,0.22729,0.22048,0.21488,0.83683,0.81106,0.90737,0.91473,0.78594,0.81106,0.90737,0.91473,0.79294,0.58642,0.77082,0.56039,1.08251,0.00101099,0.00101099,0.00101099
161,3037.26,0.22932,0.22041,0.20718,0.85101,0.83142,0.89135,0.9458,0.82346,0.83142,0.89135,0.9458,0.83065,0.55632,0.76067,0.56594,1.0281,0.00100687,0.00100687,0.00100687
162,3055.9,0.23142,0.21582,0.21524,0.83902,0.71296,0.84996,0.83041,0.69733,0.71296,0.84996,0.83041,0.73573,0.56315,0.76912,0.72114,1.06383,0.00100274,0.00100274,0.00100274
163,3074.54,0.22061,0.19663,0.20495,0.83351,0.83184,0.85474,0.91188,0.78618,0.86124,0.88105,0.93098,0.80908,0.57579,0.79895,0.64363,1.04032,0.000998616,0.000998616,0.000998616
164,3093.17,0.23553,0.19748,0.20752,0.84916,0.87102,0.90169,0.9427,0.81743,0.87102,0.90169,0.9427,0.83214,0.61265,0.78641,0.62137,1.0698,0.000994491,0.000994491,0.000994491
165,3111.83,0.23531,0.19796,0.20832,0.83785,0.90243,0.70316,0.88746,0.77309,0.90243,0.70316,0.88746,0.80507,0.58399,0.85192,0.7727,1.03216,0.000990365,0.000990365,0.000990365
166,3130.63,0.23609,0.19852,0.21832,0.84171,0.8724,0.80842,0.88419,0.75492,0.8724,0.80842,0.88494,0.78264,0.59275,0.89564,0.65668,1.06712,0.000986239,0.000986239,0.000986239
167,3149.26,0.23286,0.20411,0.20656,0.84592,0.85352,0.89951,0.89364,0.75082,0.85352,0.89951,0.89364,0.77416,0.603,0.87429,0.63948,1.08836,0.000982113,0.000982113,0.000982113
168,3167.89,0.22095,0.20871,0.19852,0.83502,0.92214,0.83474,0.91893,0.79159,0.92214,0.83474,0.91893,0.81216,0.56263,0.83823,0.59583,1.05666,0.000977987,0.000977987,0.000977987
169,3186.57,0.22022,0.1921,0.19791,0.8441,0.86592,0.92737,0.9449,0.8141,0.86592,0.92737,0.9449,0.8335,0.5621,0.85028,0.55323,1.05884,0.000973861,0.000973861,0.000973861
170,3205.29,0.20974,0.20126,0.194,0.8188,0.91979,0.90105,0.94719,0.81279,0.91979,0.90105,0.94719,0.83902,0.56822,0.84414,0.56263,1.03491,0.000969736,0.000969736,0.000969736
171,3223.93,0.22138,0.19654,0.19398,0.82139,0.91539,0.94869,0.95499,0.83238,0.91539,0.94869,0.95499,0.85363,0.60048,0.81979,0.58682,1.0729,0.00096561,0.00096561,0.00096561
172,3242.89,0.26452,0.19576,0.23188,0.88873,0.89996,0.92623,0.94705,0.8141,0.89996,0.92623,0.94705,0.85036,0.57892,0.74869,0.59069,1.09495,0.000961484,0.000961484,0.000961484
173,3261.57,0.21988,0.20427,0.19009,0.83861,0.83528,0.95188,0.97471,0.82874,0.83528,0.95188,0.97471,0.85333,0.60461,0.74066,0.52207,1.12678,0.000957358,0.000957358,0.000957358
174,3280.19,0.20984,0.19915,0.18423,0.84009,0.97045,0.92737,0.97875,0.81626,0.97045,0.92737,0.97875,0.85591,0.60801,0.70828,0.47873,1.13829,0.000953232,0.000953232,0.000953232
175,3299.01,0.22006,0.19244,0.18853,0.84122,0.82827,0.87474,0.93179,0.79215,0.82827,0.87474,0.93179,0.8135,0.57029,0.84152,0.54977,1.08084,0.000949106,0.000949106,0.000949106
176,3317.66,0.21445,0.1985,0.18915,0.8444,0.82452,0.91825,0.95597,0.81302,0.82452,0.91825,0.95597,0.83922,0.58866,0.93375,0.54017,1.07151,0.000944981,0.000944981,0.000944981
177,3336.33,0.21547,0.18794,0.18954,0.8306,0.75007,0.91837,0.9204,0.80697,0.75007,0.91837,0.9204,0.82733,0.55793,0.84538,0.58152,1.04361,0.000940855,0.000940855,0.000940855
178,3354.96,0.2107,0.27018,0.1862,0.82882,0.87998,0.96809,0.94462,0.79855,0.87998,0.96809,0.94462,0.81329,0.56378,0.83965,0.51406,1.05527,0.000936729,0.000936729,0.000936729
179,3373.75,0.23055,0.21141,0.19501,0.84462,0.99311,0.87245,0.97291,0.81105,0.99311,0.87245,0.97291,0.85613,0.61298,0.89998,0.46887,1.12405,0.000932603,0.000932603,0.000932603
180,3392.38,0.20997,0.20423,0.19734,0.84362,0.90131,0.90105,0.93519,0.81321,0.90131,0.90105,0.93519,0.83289,0.55683,0.8302,0.52908,1.13608,0.000928477,0.000928477,0.000928477
181,3411.06,0.21119,0.20358,0.18658,0.83128,0.86326,0.90737,0.9263,0.80005,0.86326,0.90737,0.9263,0.82619,0.56358,0.80145,0.56276,1.09851,0.000924352,0.000924352,0.000924352
182,3429.69,0.21257,0.21215,0.1878,0.83624,0.8588,0.89535,0.90395,0.78795,0.8588,0.89535,0.90819,0.80068,0.55443,0.85463,0.6414,1.03953,0.000920226,0.000920226,0.000920226
183,3448.33,0.20845,0.1919,0.18807,0.81659,0.83218,0.9436,0.95694,0.84414,0.83218,0.9436,0.95694,0.86211,0.51489,0.87259,0.5199,1.01781,0.0009161,0.0009161,0.0009161
184,3467.45,0.20035,0.18794,0.19827,0.818,0.9284,0.92233,0.97948,0.8432,0.9284,0.92233,0.97948,0.86623,0.53583,0.85012,0.44487,1.0624,0.000911974,0.000911974,0.000911974
185,3486.44,0.19347,0.18829,0.18201,0.821,0.79884,0.94565,0.95423,0.83171,0.79884,0.94565,0.95423,0.85014,0.53637,0.80788,0.55926,1.07211,0.000907848,0.000907848,0.000907848
186,3505.13,0.19524,0.18513,0.18003,0.82304,0.86136,0.91392,0.94658,0.82267,0.86136,0.91392,0.94658,0.82719,0.52821,0.81573,0.52127,1.05734,0.000903722,0.000903722,0.000903722
187,3523.84,0.20508,0.18458,0.18074,0.83344,0.83176,0.90105,0.93946,0.80729,0.83176,0.90105,0.93946,0.83344,0.54932,0.81452,0.57631,1.06345,0.000899597,0.000899597,0.000899597
188,3542.68,0.19984,0.18774,0.18274,0.82777,0.891,0.90105,0.94849,0.83124,0.891,0.90105,0.94849,0.84663,0.54846,0.73972,0.52805,1.06521,0.000895471,0.000895471,0.000895471
189,3561.42,0.20159,0.18453,0.191,0.82259,0.83352,0.93878,0.95265,0.82483,0.83352,0.93878,0.95265,0.85763,0.53417,0.79556,0.54997,1.07666,0.000891345,0.000891345,0.000891345
190,3580.09,0.19151,0.17504,0.17762,0.82692,0.94797,0.87474,0.96898,0.84031,0.94797,0.87474,0.96898,0.87009,0.54151,0.8453,0.44662,1.09029,0.000887219,0.000887219,0.000887219
191,3599.06,0.19379,0.16962,0.1765,0.81178,0.92241,0.9062,0.97576,0.84428,0.92241,0.9062,0.97576,0.86886,0.53538,0.77475,0.45926,1.08426,0.000883093,0.000883093,0.000883093
192,3618.24,0.19199,0.17368,0.2846,0.82289,0.94695,0.84146,0.95705,0.82906,0.94695,0.84146,0.95705,0.83495,0.5313,0.7958,0.54254,1.0751,0.000878967,0.000878967,0.000878967
193,3636.87,0.19678,0.18058,0.18898,0.8197,0.79834,0.9324,0.95139,0.82723,0.79834,0.9324,0.95139,0.85288,0.53831,0.79734,0.55112,1.08737,0.000874842,0.000874842,0.000874842
194,3655.47,0.19747,0.18471,0.1952,0.82795,0.90554,0.9097,0.95478,0.81859,0.90554,0.9097,0.95478,0.84203,0.53926,0.72159,0.49735,1.06219,0.000870716,0.000870716,0.000870716
195,3674.07,0.19912,0.18727,0.19143,0.82228,0.7961,0.93525,0.93807,0.80872,0.7961,0.93525,0.93807,0.82033,0.5349,0.86659,0.63037,1.04512,0.00086659,0.00086659,0.00086659
196,3692.69,0.20925,0.19706,0.18685,0.82406,0.89152,0.90105,0.92397,0.80737,0.91932,0.92737,0.93505,0.82622,0.55384,0.84334,0.54225,1.08242,0.000862464,0.000862464,0.000862464
197,3711.35,0.21319,0.18813,0.18642,0.81478,0.88786,0.80013,0.82068,0.72459,0.88786,0.80013,0.83189,0.73919,0.60016,0.94525,0.7482,1.10854,0.000858338,0.000858338,0.000858338
198,3730.13,0.21067,0.20163,0.19109,0.82682,0.85586,0.8308,0.84486,0.74089,0.85586,0.8308,0.84486,0.75919,0.5491,0.8487,0.60736,1.04582,0.000854212,0.000854212,0.000854212
199,3748.76,0.19454,0.17915,0.17216,0.82186,0.82183,0.90794,0.93498,0.79188,0.82183,0.90794,0.93498,0.79875,0.55964,0.78557,0.59179,1.07936,0.000850087,0.000850087,0.000850087
200,3767.42,0.18379,0.18486,0.17353,0.81976,0.91368,0.84842,0.94237,0.81924,0.91368,0.84842,0.94237,0.83082,0.52726,0.76158,0.51855,1.02918,0.000845961,0.000845961,0.000845961
201,3786.18,0.19719,0.18039,0.17616,0.82089,0.90592,0.82211,0.93196,0.83084,0.85526,0.87474,0.95415,0.84553,0.51206,0.78593,0.58003,1.01893,0.000841835,0.000841835,0.000841835
202,3804.95,0.18813,0.16111,0.17634,0.82171,0.9213,0.77581,0.90404,0.78686,0.9213,0.77581,0.90404,0.79637,0.51016,0.76571,0.66254,1.02741,0.000837709,0.000837709,0.000837709
203,3823.59,0.19802,0.16594,0.18145,0.82876,0.90093,0.86968,0.86123,0.73769,0.90093,0.86968,0.86123,0.7485,0.54529,0.74342,0.73742,1.10158,0.000833583,0.000833583,0.000833583
204,3842.19,0.20176,0.16426,0.18132,0.82872,0.88635,0.81474,0.88739,0.78462,0.88635,0.81474,0.88739,0.79204,0.53208,0.74113,0.68208,1.05046,0.000829458,0.000829458,0.000829458
205,3860.86,0.19696,0.17781,0.18424,0.82203,0.83256,0.86105,0.91549,0.79451,0.83256,0.86105,0.91549,0.81669,0.5081,0.75927,0.63157,1.02227,0.000825332,0.000825332,0.000825332
206,3879.47,0.20489,0.17549,0.17799,0.81905,0.81705,0.86247,0.90226,0.7862,0.84761,0.88835,0.93301,0.8077,0.56512,0.81769,0.60459,1.0644,0.000821206,0.000821206,0.000821206
207,3898.28,0.21117,0.19312,0.18622,0.84673,0.90844,0.93368,0.93261,0.78946,0.90844,0.93368,0.93261,0.78431,0.55326,0.84752,0.58793,1.06193,0.00081708,0.00081708,0.00081708
208,3916.89,0.19634,0.17003,0.17979,0.82366,0.79092,0.84842,0.90766,0.76812,0.79092,0.84842,0.90766,0.78927,0.53746,0.86102,0.58641,1.03575,0.000812954,0.000812954,0.000812954
209,3935.56,0.19164,0.17054,0.17632,0.81446,0.81603,0.92105,0.93503,0.8015,0.81603,0.92105,0.93503,0.80359,0.50981,0.8468,0.59988,1.044,0.000808828,0.000808828,0.000808828
210,3954.16,0.20771,0.16945,0.18637,0.83528,0.94209,0.77579,0.94254,0.83026,0.91421,0.8427,0.95946,0.84202,0.52997,0.80719,0.55026,1.05659,0.000804703,0.000804703,0.000804703
211,3972.87,0.19354,0.16881,0.16787,0.82095,0.80883,0.97145,0.93304,0.79981,0.80883,0.97145,0.93304,0.8063,0.52316,0.81787,0.52529,1.03535,0.000800577,0.000800577,0.000800577
212,3991.46,0.18927,0.16853,0.17586,0.8124,0.84332,0.95886,0.97862,0.8659,0.84332,0.95886,0.97862,0.8814,0.51213,0.88623,0.45418,1.02174,0.000796451,0.000796451,0.000796451
213,4010.38,0.19322,0.16318,0.17606,0.81951,0.83499,1,0.98699,0.86064,0.83499,1,0.98699,0.87462,0.53768,0.86798,0.44237,1.05677,0.000792325,0.000792325,0.000792325
214,4028.99,0.19292,0.16569,0.1708,0.82269,0.92437,0.91267,0.97042,0.84481,0.92437,0.91267,0.97042,0.85621,0.53042,0.90127,0.46327,1.06812,0.000788199,0.000788199,0.000788199
215,4047.78,0.19008,0.16647,0.17274,0.82043,0.99272,0.7728,0.94901,0.84019,0.96106,0.81525,0.96104,0.84557,0.51719,0.87621,0.51909,1.05903,0.000784073,0.000784073,0.000784073
216,4066.39,0.18565,0.18245,0.17206,0.81116,0.85727,0.93407,0.95507,0.82124,0.85727,0.93407,0.95507,0.83308,0.52987,0.82399,0.52326,1.06719,0.000779948,0.000779948,0.000779948
217,4085.03,0.18796,0.15869,0.17537,0.8149,0.88177,0.92103,0.93601,0.78338,0.88177,0.92103,0.93601,0.7885,0.5654,0.86389,0.53145,1.13164,0.000775822,0.000775822,0.000775822
218,4103.65,0.19575,0.16976,0.17511,0.82306,0.79269,0.89274,0.89315,0.75764,0.79269,0.89274,0.89315,0.77347,0.54366,0.8337,0.62627,1.06462,0.000771696,0.000771696,0.000771696
219,4122.28,0.18971,0.17507,0.16935,0.81566,0.78103,0.93368,0.90928,0.77414,0.75756,0.90737,0.88511,0.79336,0.52406,0.89069,0.58151,1.02037,0.00076757,0.00076757,0.00076757
220,4141.07,0.18968,0.17686,0.17992,0.81323,0.77896,0.95842,0.93985,0.80093,0.77896,0.95842,0.93985,0.81296,0.58296,0.95074,0.48155,1.09654,0.000763444,0.000763444,0.000763444
221,4159.72,0.18092,0.16156,0.16316,0.80883,0.91616,0.90737,0.95325,0.82804,0.91616,0.90737,0.95325,0.84018,0.53672,0.82117,0.52006,1.06873,0.000759318,0.000759318,0.000759318
222,4178.33,0.19063,0.17192,0.17346,0.81883,0.86692,0.90737,0.95322,0.83174,0.86692,0.90737,0.95322,0.8488,0.52551,0.81444,0.47712,1.05602,0.000755193,0.000755193,0.000755193
223,4196.94,0.17506,0.15607,0.16467,0.82403,0.88223,0.96,0.9642,0.84686,0.88223,0.96,0.9642,0.85128,0.54783,0.80224,0.41589,1.12898,0.000751067,0.000751067,0.000751067
224,4215.72,0.18572,0.17084,0.16693,0.82257,0.89246,0.88105,0.95386,0.82166,0.89246,0.88105,0.95386,0.85512,0.57115,0.82362,0.48341,1.12187,0.000746941,0.000746941,0.000746941
225,4234.37,0.17717,0.16693,0.16303,0.81412,0.87477,0.90043,0.95313,0.85519,0.87477,0.90043,0.95713,0.85434,0.53588,0.95728,0.46698,1.04296,0.000742815,0.000742815,0.000742815
226,4252.99,0.19304,0.1773,0.17005,0.81006,0.86558,0.84229,0.94731,0.83137,0.86558,0.84229,0.94766,0.84086,0.52411,0.85553,0.55232,1.03256,0.000738689,0.000738689,0.000738689
227,4271.58,0.1783,0.16719,0.16061,0.81205,0.84349,0.88839,0.92433,0.80056,0.84349,0.88839,0.92433,0.81077,0.51189,0.85674,0.60215,1.03339,0.000734564,0.000734564,0.000734564
228,4290.35,0.16991,0.14825,0.15985,0.81466,0.85938,0.88105,0.92082,0.80966,0.85938,0.88105,0.92082,0.81994,0.47894,0.84049,0.6248,1.00191,0.000730438,0.000730438,0.000730438
229,4308.97,0.17989,0.15607,0.1596,0.81375,0.73867,0.92743,0.90836,0.8031,0.73867,0.92743,0.90836,0.80641,0.46833,0.87833,0.63679,0.98119,0.000726312,0.000726312,0.000726312
230,4327.59,0.17329,0.14795,0.16125,0.80415,0.74021,0.90156,0.88574,0.78325,0.74021,0.90156,0.88574,0.7975,0.49446,0.83734,0.70001,1.0131,0.000722186,0.000722186,0.000722186
231,4346.21,0.18179,0.17057,0.16601,0.81857,0.79788,0.88737,0.93397,0.82259,0.79788,0.88737,0.93397,0.8313,0.53355,0.79326,0.68453,1.07816,0.00071806,0.00071806,0.00071806
232,4364.82,0.18329,0.17213,0.16147,0.82018,0.76563,0.92373,0.93251,0.82549,0.76563,0.92373,0.93251,0.82214,0.52593,0.88802,0.57504,1.09249,0.000713934,0.000713934,0.000713934
233,4383.64,0.17123,0.15192,0.1545,0.81499,0.79036,0.90661,0.93602,0.8252,0.79036,0.90661,0.93602,0.84533,0.51299,0.7837,0.55544,1.06465,0.000709809,0.000709809,0.000709809
234,4402.26,0.18054,0.18759,0.24746,0.81849,0.79712,0.85795,0.91388,0.78955,0.79712,0.85795,0.91388,0.8071,0.53296,0.74512,0.62852,1.10298,0.000705683,0.000705683,0.000705683
235,4420.85,0.17315,0.14889,0.15903,0.81388,0.87654,0.81474,0.89657,0.77211,0.87654,0.81474,0.89657,0.79213,0.51939,0.76446,0.65564,1.07293,0.000701557,0.000701557,0.000701557
236,4439.49,0.17139,0.15335,0.15885,0.81382,0.78717,0.92296,0.93133,0.80115,0.78717,0.92296,0.93133,0.81556,0.53118,0.8145,0.56113,1.09157,0.000697431,0.000697431,0.000697431
237,4458.32,0.16838,0.15326,0.15938,0.79807,0.83218,0.92413,0.9476,0.82956,0.83218,0.92413,0.9476,0.84836,0.51983,0.81616,0.5507,1.06584,0.000693305,0.000693305,0.000693305
238,4476.93,0.16422,0.1581,0.16504,0.80041,0.91957,0.88566,0.96348,0.85367,0.91957,0.88566,0.96348,0.87811,0.4962,0.84227,0.52228,1.01479,0.000689179,0.000689179,0.000689179
239,4495.55,0.17287,0.14904,0.15663,0.80241,0.96396,0.85474,0.9658,0.86095,0.96396,0.85474,0.9658,0.8806,0.49621,0.84385,0.44758,1.01779,0.000685054,0.000685054,0.000685054
240,4514.14,0.16492,0.14578,0.15508,0.80922,0.9267,0.94294,0.97262,0.85447,0.9267,0.94294,0.97262,0.87052,0.53304,0.84733,0.44449,1.0875,0.000680928,0.000680928,0.000680928
241,4532.77,0.16592,0.16339,0.24061,0.80667,0.81068,0.95368,0.95698,0.83012,0.81068,0.95368,0.95698,0.85529,0.53526,0.81547,0.48186,1.08796,0.000676802,0.000676802,0.000676802
242,4551.47,0.16614,0.15688,0.1661,0.81411,0.76606,0.95226,0.90694,0.79175,0.76606,0.95226,0.90694,0.79237,0.53838,0.79638,0.60381,1.10532,0.000672676,0.000672676,0.000672676
243,4570.07,0.16986,0.1601,0.15737,0.80003,0.90857,0.80211,0.9316,0.83768,0.9423,0.82842,0.95236,0.85371,0.52449,0.7557,0.52848,1.07235,0.00066855,0.00066855,0.00066855
244,4588.68,0.17638,0.15985,0.15887,0.80311,0.85827,0.85474,0.93792,0.82654,0.85827,0.85474,0.93792,0.84817,0.50716,0.75241,0.57062,1.065,0.000664425,0.000664425,0.000664425
245,4607.43,0.17296,0.15351,0.15788,0.81284,0.89698,0.85774,0.94977,0.84552,0.89698,0.85774,0.94977,0.84788,0.49916,0.79394,0.51402,1.03611,0.000660299,0.000660299,0.000660299
246,4626.05,0.17034,0.15146,0.16016,0.80958,0.85165,0.96076,0.97235,0.85836,0.85165,0.96076,0.97235,0.86542,0.50887,0.83762,0.4651,1.06761,0.000656173,0.000656173,0.000656173
247,4644.82,0.16891,0.16056,0.15869,0.80533,0.9096,0.86924,0.94486,0.83894,0.93946,0.89304,0.97234,0.85115,0.5388,0.87877,0.42414,1.11463,0.000652047,0.000652047,0.000652047
248,4663.96,0.16419,0.14561,0.15257,0.80587,0.91748,0.89245,0.95791,0.83226,0.88725,0.94737,0.9785,0.84289,0.57062,0.85114,0.44039,1.12635,0.000647921,0.000647921,0.000647921
249,4682.58,0.16837,0.14447,0.15113,0.81306,0.86111,0.88117,0.93951,0.81914,0.86111,0.88117,0.95499,0.82881,0.51064,0.75657,0.49744,1.06802,0.000643795,0.000643795,0.000643795
250,4701.25,0.16291,0.14546,0.15725,0.8018,0.86946,0.9411,0.96849,0.8398,0.86946,0.9411,0.96849,0.8687,0.48834,0.77814,0.45807,1.01323,0.00063967,0.00063967,0.00063967
251,4720.01,0.16135,0.14931,0.15062,0.81325,0.90441,0.84904,0.96153,0.8358,0.90441,0.84904,0.96153,0.85961,0.51031,0.79305,0.47392,1.04387,0.000635544,0.000635544,0.000635544
252,4738.64,0.16137,0.14721,0.14514,0.79412,0.74906,0.92105,0.92367,0.83279,0.77344,0.94737,0.95261,0.82683,0.52776,0.85809,0.49586,1.06584,0.000631418,0.000631418,0.000631418
253,4757.29,0.15914,0.1345,0.14768,0.80122,0.9418,0.80842,0.9493,0.83139,0.9418,0.80842,0.9493,0.85142,0.49743,0.80935,0.51526,1.02821,0.000627292,0.000627292,0.000627292
254,4775.94,0.15364,0.14387,0.14597,0.81598,0.90079,0.85931,0.96839,0.85515,0.90079,0.85931,0.96839,0.85952,0.52665,0.82517,0.45361,1.05687,0.000623166,0.000623166,0.000623166
255,4794.71,0.159,0.14575,0.14978,0.79136,0.95657,0.87668,0.96618,0.85457,0.95657,0.87668,0.96618,0.85761,0.53997,0.86738,0.43593,1.06992,0.00061904,0.00061904,0.00061904
256,4813.41,0.15864,0.1401,0.14976,0.80685,0.98389,0.88105,0.97418,0.84593,0.98389,0.88105,0.97418,0.86109,0.52937,0.90127,0.42612,1.06858,0.000614915,0.000614915,0.000614915
257,4832.12,0.15019,0.13904,0.14013,0.78688,0.97315,0.81841,0.96711,0.84431,0.97315,0.81841,0.96711,0.86416,0.50317,0.88457,0.48637,1.01562,0.000610789,0.000610789,0.000610789
258,4850.82,0.17524,0.21603,0.15371,0.81503,0.86463,0.8686,0.9322,0.82875,0.89462,0.89479,0.96333,0.8477,0.53351,0.89038,0.47433,1.0483,0.000606663,0.000606663,0.000606663
259,4869.52,0.15695,0.14581,0.14895,0.79766,0.85305,0.87183,0.94333,0.82979,0.8847,0.89804,0.97196,0.83901,0.54208,0.86266,0.56875,1.05692,0.000602537,0.000602537,0.000602537
260,4888.33,0.16239,0.15455,0.15131,0.80558,0.86169,0.90105,0.97266,0.85934,0.86169,0.90105,0.97266,0.86114,0.5015,0.8814,0.49704,1.04548,0.000598411,0.000598411,0.000598411
261,4906.93,0.16409,0.14642,0.15281,0.81128,0.82415,0.87474,0.94822,0.84184,0.82415,0.87474,0.94822,0.85416,0.50632,0.8966,0.56113,1.06301,0.000594286,0.000594286,0.000594286
262,4925.54,0.16634,0.15368,0.16572,0.80559,0.84646,0.84171,0.9585,0.83071,0.84646,0.84171,0.9585,0.84156,0.51566,0.9065,0.54859,1.0807,0.00059016,0.00059016,0.00059016
263,4944.14,0.16084,0.14779,0.14832,0.7956,0.90248,0.90105,0.98128,0.85435,0.90248,0.90105,0.98128,0.86909,0.52143,0.85977,0.44338,1.08164,0.000586034,0.000586034,0.000586034
264,4962.93,0.15548,0.14503,0.14442,0.7971,0.92384,0.89943,0.97805,0.86334,0.92384,0.89943,0.97805,0.8713,0.51766,0.8197,0.44572,1.05037,0.000581908,0.000581908,0.000581908
265,4981.56,0.15282,0.14949,0.14599,0.80104,0.91585,0.94737,0.96755,0.84994,0.91585,0.94737,0.96755,0.85311,0.53878,0.79808,0.45137,1.09666,0.000577782,0.000577782,0.000577782
266,5000.16,0.15129,0.14644,0.14106,0.79926,0.93773,0.90709,0.9753,0.8688,0.93773,0.90709,0.9753,0.87875,0.50294,0.81339,0.45528,1.07502,0.000573656,0.000573656,0.000573656
267,5019.12,0.15977,0.14116,0.14337,0.79686,0.94954,0.90654,0.98459,0.86406,0.94954,0.90654,0.98459,0.88071,0.48234,0.81198,0.43354,1.03995,0.000569531,0.000569531,0.000569531
268,5037.74,0.15772,0.14611,0.14836,0.79904,0.88902,0.90527,0.98394,0.84765,0.88902,0.90527,0.98394,0.87394,0.49478,0.79149,0.45624,1.06747,0.000565405,0.000565405,0.000565405
269,5056.37,0.15596,0.15206,0.14688,0.79893,0.86467,0.95971,0.98096,0.85604,0.86467,0.95971,0.98096,0.87297,0.49961,0.76577,0.47327,1.04751,0.000561279,0.000561279,0.000561279
270,5075.15,0.16265,0.14579,0.14788,0.81209,0.90539,0.94363,0.9859,0.88424,0.90539,0.94363,0.9859,0.89452,0.49475,0.7844,0.43543,1.0595,0.000557153,0.000557153,0.000557153
271,5094.06,0.15744,0.14231,0.14104,0.79887,0.97763,0.92105,0.98616,0.88549,0.97763,0.92105,0.98616,0.88314,0.47333,0.8022,0.42042,1.0368,0.000553027,0.000553027,0.000553027
272,5112.64,0.14861,0.12951,0.13825,0.79854,0.89006,0.97311,0.98245,0.88286,0.89006,0.97311,0.98245,0.89353,0.47891,0.81487,0.43707,1.02298,0.000548901,0.000548901,0.000548901
273,5131.27,0.14902,0.13252,0.13916,0.80636,0.90791,0.92025,0.97115,0.85439,0.90791,0.92025,0.97115,0.87773,0.49184,0.80484,0.4898,1.02146,0.000544776,0.000544776,0.000544776
274,5149.87,0.14784,0.1382,0.14165,0.79453,0.9608,0.86267,0.96622,0.86281,0.9608,0.86267,0.96622,0.88106,0.48035,0.80988,0.48719,1.0165,0.00054065,0.00054065,0.00054065
275,5168.62,0.15775,0.13732,0.14035,0.80322,0.86277,0.8624,0.94084,0.81989,0.86277,0.8624,0.94084,0.83575,0.49849,0.8408,0.53117,1.05138,0.000536524,0.000536524,0.000536524
276,5187.23,0.15028,0.13674,0.14113,0.80787,0.83381,0.83336,0.93047,0.81764,0.83381,0.83336,0.93047,0.83529,0.4919,0.8321,0.54283,1.04226,0.000532398,0.000532398,0.000532398
277,5205.85,0.14105,0.13432,0.13603,0.78262,0.83545,0.91203,0.94114,0.83451,0.83545,0.91203,0.94114,0.8492,0.47175,0.83088,0.49533,1.03254,0.000528272,0.000528272,0.000528272
278,5224.43,0.15163,0.15045,0.14088,0.80756,0.85957,0.9,0.97723,0.87052,0.85957,0.9,0.97723,0.87528,0.48745,0.876,0.5089,1.03023,0.000524146,0.000524146,0.000524146
279,5243.04,0.14961,0.13651,0.13969,0.79576,0.90832,0.87995,0.98001,0.88228,0.90832,0.87995,0.98001,0.8911,0.45751,0.8047,0.47651,1.00815,0.000520021,0.000520021,0.000520021
280,5261.63,0.14171,0.14198,0.13535,0.79707,0.8524,0.8983,0.97512,0.86905,0.8524,0.8983,0.97512,0.88913,0.46447,0.77572,0.46633,1.0174,0.000515895,0.000515895,0.000515895
281,5280.42,0.14257,0.13217,0.14163,0.79699,0.88201,0.89339,0.96666,0.8681,0.88201,0.89339,0.96666,0.88732,0.47696,0.77703,0.45691,1.04239,0.000511769,0.000511769,0.000511769
282,5299.04,0.14729,0.12409,0.14042,0.78763,0.90392,0.84648,0.9615,0.86901,0.90392,0.84648,0.9615,0.87883,0.45319,0.80401,0.52101,1.02032,0.000507643,0.000507643,0.000507643
283,5317.67,0.14401,0.12565,0.13921,0.79979,0.86287,0.90105,0.97223,0.86738,0.86287,0.90105,0.97223,0.8777,0.47357,0.85527,0.4876,1.0058,0.000503517,0.000503517,0.000503517
284,5336.26,0.15924,0.13486,0.14241,0.79613,0.81682,0.96937,0.97053,0.87149,0.81682,0.96937,0.97053,0.88994,0.48769,0.87379,0.44539,1.0282,0.000499392,0.000499392,0.000499392
285,5354.93,0.1492,0.13267,0.13784,0.79611,0.9677,0.86851,0.97275,0.87611,0.9677,0.86851,0.97275,0.89374,0.46628,0.83568,0.41063,1.01564,0.000495266,0.000495266,0.000495266
286,5373.72,0.14481,0.13352,0.14307,0.79143,0.8222,0.9026,0.96537,0.88035,0.8222,0.9026,0.96537,0.88195,0.4564,0.84137,0.4628,1.01055,0.00049114,0.00049114,0.00049114
287,5392.33,0.14298,0.12408,0.13433,0.78986,0.8964,0.82487,0.95751,0.86142,0.8964,0.82487,0.95751,0.87115,0.46129,0.849,0.51183,1.01688,0.000487014,0.000487014,0.000487014
288,5410.95,0.14678,0.12736,0.13622,0.8017,0.84353,0.89999,0.96995,0.87046,0.84353,0.89999,0.96995,0.86369,0.48197,0.86566,0.50226,1.06515,0.000482888,0.000482888,0.000482888
289,5429.59,0.141,0.12776,0.14067,0.79968,0.89175,0.92514,0.97929,0.8874,0.89175,0.92514,0.97929,0.88318,0.46846,0.83992,0.45951,1.00606,0.000478762,0.000478762,0.000478762
290,5448.4,0.13969,0.12455,0.13508,0.79771,0.85466,0.98,0.95684,0.86696,0.85466,0.98,0.95684,0.87035,0.45561,0.86562,0.44418,1.0075,0.000474637,0.000474637,0.000474637
291,5467.18,0.13855,0.12693,0.1327,0.78647,0.89743,0.98,0.97666,0.8861,0.89743,0.98,0.97666,0.89461,0.44433,0.86608,0.40739,1.02508,0.000470511,0.000470511,0.000470511
292,5486.08,0.14273,0.1434,0.13847,0.80383,0.87467,0.96869,0.98159,0.88988,0.87467,0.96869,0.98159,0.89923,0.44591,0.90961,0.42364,1.02575,0.000466385,0.000466385,0.000466385
293,5505.11,0.14127,0.12871,0.13518,0.79255,0.98959,0.85442,0.98195,0.89564,0.98959,0.85442,0.98195,0.90627,0.47055,0.90122,0.42706,1.0269,0.000462259,0.000462259,0.000462259
294,5524.09,0.17411,0.15047,0.1737,0.85775,0.8301,0.94533,0.9454,0.84871,0.8301,0.94533,0.9454,0.84552,0.4567,0.93242,0.47771,1.01002,0.000458133,0.000458133,0.000458133
295,5542.7,0.14089,0.12209,0.13354,0.78284,0.92097,0.80987,0.9445,0.858,0.92097,0.80987,0.9445,0.85229,0.45607,0.89528,0.45735,1.0067,0.000454007,0.000454007,0.000454007
296,5561.3,0.14619,0.12615,0.1381,0.80241,0.94665,0.7896,0.93292,0.84983,0.94665,0.7896,0.93292,0.84576,0.45901,0.86722,0.47251,0.98379,0.000449882,0.000449882,0.000449882
297,5580.1,0.14777,0.13505,0.13838,0.81063,0.85576,0.85134,0.9438,0.84425,0.85576,0.85134,0.9438,0.84972,0.46746,0.88901,0.47274,1.04191,0.000445756,0.000445756,0.000445756
298,5598.77,0.14156,0.12779,0.1361,0.79877,0.91481,0.81249,0.93612,0.82926,0.91481,0.81249,0.93612,0.84095,0.49714,0.87396,0.42996,1.0578,0.00044163,0.00044163,0.00044163
299,5617.37,0.13498,0.12274,0.1278,0.78718,0.86037,0.85311,0.92184,0.81748,0.86037,0.85311,0.92184,0.83239,0.49081,0.84629,0.49108,1.06246,0.000437504,0.000437504,0.000437504
300,5635.97,0.13533,0.12091,0.12831,0.78332,0.89151,0.7722,0.91096,0.8053,0.89151,0.7722,0.91437,0.82619,0.48862,0.86703,0.55909,1.0723,0.000433378,0.000433378,0.000433378
301,5654.63,0.14233,0.1294,0.14005,0.80128,0.85497,0.85474,0.91775,0.80849,0.85497,0.85474,0.92617,0.81996,0.51536,0.85127,0.60931,1.07484,0.000429253,0.000429253,0.000429253
302,5673.46,0.13719,0.11892,0.13753,0.7912,0.78662,0.91609,0.92193,0.81546,0.78662,0.91609,0.92193,0.82862,0.52602,0.84865,0.55426,1.06852,0.000425127,0.000425127,0.000425127
303,5692.06,0.14363,0.12751,0.13776,0.78839,0.80516,0.90105,0.94034,0.83171,0.80516,0.90105,0.94034,0.84677,0.50149,0.84359,0.50779,1.02271,0.000421001,0.000421001,0.000421001
304,5710.66,0.13714,0.11786,0.13523,0.78075,0.90443,0.83809,0.95599,0.8539,0.90443,0.83809,0.95599,0.85098,0.4907,0.85481,0.49896,1.0234,0.000416875,0.000416875,0.000416875
305,5729.29,0.13115,0.11641,0.13297,0.78555,0.89693,0.87474,0.94973,0.83828,0.89693,0.87474,0.94973,0.8558,0.49016,0.8289,0.49742,1.06711,0.000412749,0.000412749,0.000412749
306,5748.04,0.13487,0.12329,0.13238,0.78611,0.90926,0.86276,0.94656,0.84493,0.90926,0.86276,0.94656,0.87144,0.48285,0.82152,0.45377,1.05069,0.000408623,0.000408623,0.000408623
307,5766.62,0.13327,0.1518,0.13195,0.79653,0.94178,0.85039,0.95274,0.86021,0.94178,0.85039,0.95274,0.87404,0.46651,0.8269,0.44134,1.01826,0.000404498,0.000404498,0.000404498
308,5785.21,0.12826,0.12502,0.12696,0.78978,0.96734,0.84279,0.96904,0.861,0.96734,0.84279,0.96904,0.88438,0.47948,0.81845,0.46093,1.05615,0.000400372,0.000400372,0.000400372
309,5803.92,0.13261,0.11924,0.12522,0.78488,0.97182,0.85379,0.96075,0.86506,0.97182,0.85379,0.96075,0.87399,0.49499,0.84863,0.47109,1.07258,0.000396246,0.000396246,0.000396246
310,5822.52,0.13428,0.12337,0.12947,0.79881,0.961,0.82842,0.95913,0.86328,0.961,0.82842,0.95913,0.87221,0.49235,0.82869,0.49815,1.06407,0.00039212,0.00039212,0.00039212
311,5841.33,0.12999,0.11538,0.12379,0.79022,0.88091,0.8583,0.95042,0.84507,0.88091,0.8583,0.95042,0.8476,0.49424,0.80364,0.54972,1.06167,0.000387994,0.000387994,0.000387994
312,5859.92,0.13242,0.11246,0.12616,0.78785,0.94937,0.75579,0.94347,0.84791,0.94937,0.75579,0.94347,0.85233,0.47415,0.80314,0.52236,1.04928,0.000383868,0.000383868,0.000383868
313,5878.55,0.13544,0.11573,0.12639,0.78753,0.92455,0.84526,0.95099,0.84142,0.92455,0.84526,0.95099,0.84757,0.45432,0.83214,0.49408,1.00787,0.000379743,0.000379743,0.000379743
314,5897.14,0.12678,0.11564,0.1226,0.78486,0.92807,0.84094,0.95226,0.84924,0.92807,0.84094,0.95226,0.85838,0.44774,0.84329,0.46232,1.02239,0.000375617,0.000375617,0.000375617
315,5915.8,0.14241,0.13849,0.13027,0.81252,0.92803,0.86807,0.95814,0.86464,0.92803,0.86807,0.95814,0.88136,0.44683,0.82141,0.45316,1.02755,0.000371491,0.000371491,0.000371491
316,5934.38,0.12476,0.11728,0.12564,0.78741,0.90109,0.87474,0.96381,0.86877,0.90109,0.87474,0.96381,0.87005,0.4627,0.81778,0.48788,1.02873,0.000367365,0.000367365,0.000367365
317,5953.01,0.12536,0.1145,0.1232,0.77772,0.90763,0.85311,0.96328,0.84926,0.90763,0.85311,0.96328,0.85577,0.4679,0.85571,0.5418,1.01486,0.000363239,0.000363239,0.000363239
318,5971.59,0.11704,0.10815,0.11848,0.784,0.90596,0.8518,0.95683,0.85719,0.90596,0.8518,0.95683,0.87042,0.46997,0.83963,0.5576,1.02198,0.000359113,0.000359113,0.000359113
319,5990.39,0.12951,0.11586,0.13064,0.78832,0.87842,0.84918,0.95666,0.86324,0.87842,0.84918,0.95666,0.87404,0.44645,0.83001,0.52866,1.01357,0.000354988,0.000354988,0.000354988
320,6009.03,0.1253,0.11384,0.12538,0.7881,0.90419,0.85474,0.95092,0.86637,0.90419,0.85474,0.95092,0.86596,0.44129,0.85855,0.52675,1.02559,0.000350862,0.000350862,0.000350862
321,6027.7,0.11717,0.11297,0.11973,0.77946,0.87993,0.87196,0.96017,0.8966,0.87993,0.87196,0.96017,0.88689,0.43642,0.83739,0.46837,1.02085,0.000346736,0.000346736,0.000346736
322,6046.36,0.12435,0.11999,0.12429,0.78372,0.87553,0.95388,0.98036,0.90558,0.87553,0.95388,0.98036,0.90014,0.43628,0.81207,0.43467,1.00226,0.00034261,0.00034261,0.00034261
323,6065.54,0.13082,0.12171,0.12546,0.78933,0.80933,0.98,0.97146,0.88003,0.80933,0.98,0.97146,0.89462,0.45215,0.84664,0.41065,1.02117,0.000338484,0.000338484,0.000338484
324,6084.23,0.12078,0.12113,0.11888,0.78939,0.93678,0.83727,0.96794,0.88076,0.93678,0.83727,0.96794,0.89397,0.44907,0.84066,0.44397,1.05331,0.000334359,0.000334359,0.000334359
325,6102.92,0.13114,0.11663,0.12689,0.78941,0.90085,0.87835,0.96983,0.89037,0.90085,0.87835,0.96983,0.8888,0.43423,0.82638,0.46045,1.02122,0.000330233,0.000330233,0.000330233
326,6121.6,0.12968,0.10884,0.12387,0.79999,0.84639,0.91852,0.96845,0.87733,0.84639,0.91852,0.96845,0.8771,0.42229,0.83145,0.44794,1.00878,0.000326107,0.000326107,0.000326107
327,6140.21,0.13374,0.12024,0.12763,0.79795,0.84647,0.88902,0.95951,0.86437,0.84647,0.88902,0.95951,0.85978,0.43438,0.87235,0.4569,1.0272,0.000321981,0.000321981,0.000321981
328,6158.98,0.12235,0.11207,0.1191,0.78834,0.88376,0.91464,0.97031,0.87168,0.88376,0.91464,0.97031,0.87524,0.44061,0.86395,0.40117,1.02577,0.000317855,0.000317855,0.000317855
329,6177.61,0.11894,0.1198,0.11419,0.79256,0.94485,0.87823,0.97713,0.89321,0.94485,0.87823,0.97713,0.8784,0.44782,0.85895,0.36328,1.01433,0.000313729,0.000313729,0.000313729
330,6196.19,0.12244,0.11571,0.11908,0.78964,0.9178,0.9753,0.98116,0.88974,0.9178,0.9753,0.98116,0.8904,0.44375,0.80951,0.35786,1.01074,0.000309604,0.000309604,0.000309604
331,6214.77,0.1265,0.11892,0.12508,0.79045,0.97408,0.94969,0.98771,0.89721,0.97408,0.94969,0.98771,0.90852,0.44902,0.82524,0.35159,1.03375,0.000305478,0.000305478,0.000305478
332,6233.84,0.12427,0.11261,0.12346,0.78717,0.97052,0.95368,0.98968,0.90748,0.97052,0.95368,0.98968,0.92125,0.44489,0.81484,0.33643,1.02026,0.000301352,0.000301352,0.000301352
333,6252.8,0.12264,0.10748,0.12006,0.78311,0.9427,0.95685,0.98894,0.91679,0.9427,0.95685,0.98894,0.92077,0.4359,0.84836,0.33428,0.99019,0.000297226,0.000297226,0.000297226
334,6271.72,0.11896,0.10765,0.12165,0.78438,1,0.88374,0.98917,0.90935,1,0.88374,0.98917,0.91188,0.43071,0.88481,0.34344,0.96275,0.0002931,0.0002931,0.0002931
335,6290.33,0.12415,0.11765,0.12301,0.7832,0.88409,0.97808,0.97364,0.89509,0.88409,0.97808,0.97364,0.88967,0.4421,0.92289,0.34539,0.99656,0.000288974,0.000288974,0.000288974
336,6308.95,0.12476,0.11283,0.12724,0.79142,0.85277,0.93405,0.94616,0.86757,0.85277,0.93405,0.94616,0.86585,0.4433,0.93636,0.38346,1.00139,0.000284849,0.000284849,0.000284849
337,6327.6,0.12018,0.11249,0.11822,0.77715,0.83881,0.94709,0.95341,0.87522,0.83881,0.94709,0.95341,0.87368,0.44457,0.93787,0.39795,1.02224,0.000280723,0.000280723,0.000280723
338,6346.36,0.12415,0.11569,0.12113,0.79192,0.8019,0.99347,0.95394,0.87536,0.8019,0.99347,0.95394,0.87341,0.44066,0.91069,0.40489,0.97447,0.000276597,0.000276597,0.000276597
339,6365,0.12372,0.11592,0.12658,0.77896,0.82839,0.99113,0.95434,0.87857,0.82839,0.99113,0.95434,0.88652,0.43332,0.88046,0.39077,0.95567,0.000272471,0.000272471,0.000272471
340,6383.61,0.12044,0.11394,0.1201,0.78613,0.86068,0.94472,0.96313,0.88499,0.86068,0.94472,0.96313,0.89243,0.42793,0.88016,0.39261,0.96081,0.000268345,0.000268345,0.000268345
341,6402.26,0.11174,0.10355,0.11311,0.78388,0.82422,0.93648,0.95956,0.87757,0.82422,0.93648,0.95956,0.88593,0.41847,0.86504,0.44189,0.95465,0.00026422,0.00026422,0.00026422
342,6420.84,0.10869,0.1065,0.11313,0.78091,0.83962,0.89102,0.9556,0.87714,0.83962,0.89102,0.9556,0.89909,0.41036,0.85007,0.43537,0.94702,0.000260094,0.000260094,0.000260094
343,6439.6,0.11337,0.10957,0.11671,0.79336,0.80723,0.94737,0.95973,0.88724,0.80723,0.94737,0.95973,0.89618,0.41757,0.84575,0.39504,0.96562,0.000255968,0.000255968,0.000255968
344,6458.21,0.11381,0.09949,0.11769,0.78366,0.883,0.96801,0.97141,0.88918,0.883,0.96801,0.97141,0.89119,0.43466,0.86366,0.36807,0.98634,0.000251842,0.000251842,0.000251842
345,6476.88,0.11403,0.11458,0.11552,0.78069,0.87698,0.94737,0.97192,0.89122,0.87698,0.94737,0.97192,0.90234,0.43382,0.88857,0.4175,0.98647,0.000247716,0.000247716,0.000247716
346,6495.51,0.11124,0.10253,0.1126,0.79222,0.9863,0.85219,0.97857,0.90442,0.9863,0.85219,0.97857,0.90409,0.41692,0.87914,0.36966,0.96624,0.00024359,0.00024359,0.00024359
347,6514.12,0.11718,0.0997,0.11418,0.78735,0.99173,0.89214,0.98075,0.90115,0.99173,0.89214,0.98075,0.90896,0.42149,0.87946,0.33222,0.97354,0.000239465,0.000239465,0.000239465
348,6532.86,0.10982,0.11619,0.11581,0.77588,0.98671,0.87474,0.98027,0.9029,0.98671,0.87474,0.98027,0.91552,0.4202,0.86975,0.34575,0.96099,0.000235339,0.000235339,0.000235339
349,6551.46,0.11087,0.10357,0.11159,0.78898,0.87634,0.99386,0.98571,0.9161,0.87634,0.99386,0.98571,0.91614,0.41705,0.87683,0.32276,0.95837,0.000231213,0.000231213,0.000231213
350,6570.02,0.11322,0.10472,0.11246,0.78406,0.8845,0.97306,0.98205,0.9027,0.8845,0.97306,0.98205,0.91177,0.42366,0.87545,0.33894,0.96755,0.000227087,0.000227087,0.000227087
351,6588.63,0.11299,0.11188,0.11196,0.77296,0.9123,0.92118,0.97819,0.88644,0.9123,0.92118,0.97819,0.89389,0.43191,0.89644,0.36388,0.97883,0.000222961,0.000222961,0.000222961
352,6607.25,0.11135,0.10584,0.11124,0.77829,0.88831,0.94321,0.97193,0.88233,0.88831,0.94321,0.97193,0.88349,0.44346,0.90092,0.4305,0.99881,0.000218835,0.000218835,0.000218835
353,6626.05,0.11084,0.10111,0.11074,0.78861,0.89399,0.91084,0.97744,0.90285,0.89399,0.91084,0.97744,0.9029,0.43499,0.89108,0.39919,0.97415,0.00021471,0.00021471,0.00021471
354,6644.67,0.11529,0.11904,0.11115,0.78895,0.88673,0.94897,0.98289,0.90832,0.88673,0.94897,0.98289,0.91633,0.41658,0.87699,0.38371,0.95562,0.000210584,0.000210584,0.000210584
355,6663.27,0.10839,0.10686,0.1097,0.78541,0.89268,0.94364,0.98098,0.90503,0.89268,0.94364,0.98098,0.91658,0.40817,0.86828,0.37638,0.94469,0.000206458,0.000206458,0.000206458
356,6681.87,0.10592,0.10647,0.10776,0.7674,0.90644,0.92737,0.98126,0.91674,0.90644,0.92737,0.98126,0.91893,0.42391,0.8632,0.36461,0.95655,0.000202332,0.000202332,0.000202332
357,6700.66,0.11159,0.10436,0.11321,0.7766,0.94068,0.92287,0.98694,0.91129,0.94068,0.92287,0.98694,0.91981,0.42636,0.86706,0.35806,0.97133,0.000198206,0.000198206,0.000198206
358,6719.26,0.10776,0.10025,0.10811,0.78374,0.90999,0.92737,0.97658,0.91568,0.90999,0.92737,0.97658,0.91361,0.41707,0.86776,0.36306,0.97329,0.00019408,0.00019408,0.00019408
359,6737.85,0.10637,0.09546,0.1086,0.77308,0.89212,0.94487,0.9763,0.90521,0.89212,0.94487,0.9763,0.91418,0.43287,0.87372,0.36719,0.98663,0.000189955,0.000189955,0.000189955
360,6756.45,0.10459,0.10629,0.1088,0.76932,0.92635,0.9232,0.98402,0.90612,0.92635,0.9232,0.98402,0.91586,0.43591,0.87755,0.36911,0.99525,0.000185829,0.000185829,0.000185829
361,6775.17,0.10669,0.10521,0.10879,0.77505,0.90602,0.97368,0.98566,0.90517,0.90602,0.97368,0.98566,0.91359,0.43254,0.88715,0.35884,0.99956,0.000181703,0.000181703,0.000181703
362,6793.77,0.10505,0.11027,0.10711,0.78349,0.91949,0.92048,0.97375,0.89853,0.91949,0.92048,0.97375,0.89967,0.43771,0.9041,0.35883,0.99339,0.000177577,0.000177577,0.000177577
363,6812.34,0.10572,0.10205,0.10758,0.76196,0.87716,0.97204,0.97744,0.90898,0.87716,0.97204,0.97744,0.91027,0.42833,0.90855,0.34853,0.97828,0.000173451,0.000173451,0.000173451
364,6830.96,0.09957,0.09776,0.10109,0.77723,0.93441,0.94341,0.98795,0.91624,0.93441,0.94341,0.98795,0.91272,0.42567,0.90448,0.34817,0.97699,0.000169326,0.000169326,0.000169326
365,6849.66,0.10362,0.10131,0.11022,0.782,0.95162,0.94264,0.98671,0.90828,0.95162,0.94264,0.98671,0.92024,0.42207,0.8842,0.33806,0.9639,0.0001652,0.0001652,0.0001652
366,6868.25,0.10531,0.09719,0.11004,0.77827,0.91136,0.92626,0.98177,0.90681,0.91136,0.92626,0.98177,0.91081,0.42531,0.88006,0.3473,0.96388,0.000161074,0.000161074,0.000161074
367,6886.88,0.10328,0.09962,0.10755,0.78344,0.93349,0.92361,0.9815,0.90765,0.93349,0.92361,0.9815,0.92014,0.4306,0.89163,0.33586,0.97114,0.000156948,0.000156948,0.000156948
368,6905.48,0.10044,0.10032,0.10258,0.78294,0.9046,0.9611,0.98166,0.91376,0.9046,0.9611,0.98166,0.92099,0.4247,0.90054,0.33387,0.97505,0.000152822,0.000152822,0.000152822
369,6924.1,0.10107,0.10446,0.10134,0.77563,0.8813,0.95402,0.97417,0.90681,0.8813,0.95402,0.97417,0.91246,0.41619,0.89757,0.3434,0.96897,0.000148696,0.000148696,0.000148696
370,6942.88,0.10585,0.10139,0.10713,0.77939,0.84639,0.99401,0.97159,0.90499,0.84639,0.99401,0.97159,0.90594,0.42274,0.88449,0.34747,0.9668,0.000144571,0.000144571,0.000144571
371,6961.47,0.10158,0.09926,0.10279,0.7745,0.83607,1,0.97709,0.89874,0.83607,1,0.97709,0.90032,0.42587,0.87011,0.35309,0.9646,0.000140445,0.000140445,0.000140445
372,6980.05,0.10536,0.1116,0.11295,0.7783,0.87235,0.95368,0.97501,0.89067,0.87235,0.95368,0.97501,0.90528,0.42739,0.87276,0.37714,0.97363,0.000136319,0.000136319,0.000136319
373,6998.7,0.09864,0.09863,0.10203,0.77279,0.86336,0.94143,0.96903,0.89597,0.86336,0.94143,0.96903,0.90701,0.42281,0.88661,0.39591,0.98051,0.000132193,0.000132193,0.000132193
374,7017.47,0.10123,0.10525,0.10367,0.76414,0.85694,0.96621,0.97199,0.90031,0.85694,0.96621,0.97199,0.90656,0.41726,0.9005,0.38921,0.97048,0.000128067,0.000128067,0.000128067
375,7036.06,0.10249,0.11488,0.10486,0.78618,0.91742,0.92843,0.9754,0.9065,0.91742,0.92843,0.9754,0.9059,0.41525,0.89706,0.39656,0.96372,0.000123941,0.000123941,0.000123941
376,7054.66,0.10042,0.09937,0.1051,0.78915,0.91476,0.93034,0.97813,0.91291,0.91476,0.93034,0.97813,0.9107,0.41365,0.89498,0.37105,0.95982,0.000119816,0.000119816,0.000119816
377,7073.3,0.09577,0.09733,0.10174,0.77303,0.88912,0.97368,0.98341,0.92299,0.88912,0.97368,0.98341,0.91662,0.41031,0.89117,0.35197,0.95902,0.00011569,0.00011569,0.00011569
378,7092.2,0.09515,0.09085,0.09988,0.7709,0.88335,0.98438,0.98296,0.91679,0.88335,0.98438,0.98296,0.91335,0.4144,0.88313,0.35399,0.95924,0.000111564,0.000111564,0.000111564
379,7110.98,0.09868,0.09943,0.10228,0.78363,0.86901,0.97927,0.97199,0.90532,0.86901,0.97927,0.97199,0.90058,0.42516,0.88753,0.35018,0.96563,0.000107438,0.000107438,0.000107438
380,7129.58,0.10038,0.10308,0.10448,0.77182,0.86603,0.98719,0.97914,0.90141,0.86603,0.98719,0.97914,0.90127,0.42828,0.89144,0.34908,0.97364,0.000103312,0.000103312,0.000103312
381,7148.22,0.10049,0.09832,0.10348,0.77537,0.90923,0.97056,0.97832,0.90063,0.90923,0.97056,0.97832,0.90516,0.43091,0.89584,0.34494,0.97752,9.91865e-05,9.91865e-05,9.91865e-05
382,7166.83,0.10191,0.10336,0.10375,0.78007,0.85126,0.98728,0.96966,0.89189,0.85126,0.98728,0.96966,0.90456,0.42705,0.89486,0.35559,0.97199,9.50607e-05,9.50607e-05,9.50607e-05
383,7185.52,0.09784,0.10401,0.10601,0.79325,0.85321,0.97207,0.97163,0.8978,0.85321,0.97207,0.97163,0.90372,0.42131,0.90619,0.37235,0.96302,9.09349e-05,9.09349e-05,9.09349e-05
384,7204.14,0.09138,0.09711,0.09624,0.76985,0.8556,0.97145,0.96756,0.89722,0.8556,0.97145,0.96756,0.90143,0.42337,0.91448,0.37675,0.96324,8.6809e-05,8.6809e-05,8.6809e-05
385,7222.94,0.09459,0.09553,0.10239,0.78304,0.85599,0.97778,0.97412,0.90112,0.85599,0.97778,0.97412,0.90517,0.42368,0.91206,0.37676,0.96262,8.26832e-05,8.26832e-05,8.26832e-05
386,7241.55,0.09258,0.09521,0.09899,0.78228,0.85331,0.97368,0.97491,0.90151,0.85331,0.97368,0.97491,0.90373,0.43199,0.92194,0.40633,0.97153,7.85574e-05,7.85574e-05,7.85574e-05
387,7260.16,0.09266,0.09527,0.1006,0.78241,0.8337,0.96566,0.96586,0.89216,0.8337,0.96566,0.96586,0.89757,0.43335,0.93267,0.42257,0.98296,7.44316e-05,7.44316e-05,7.44316e-05
388,7278.77,0.09106,0.09474,0.09861,0.76294,0.83068,0.96231,0.96586,0.8879,0.83068,0.96231,0.96586,0.89699,0.43066,0.92548,0.41752,0.98522,7.03057e-05,7.03057e-05,7.03057e-05
389,7297.41,0.09159,0.09403,0.10009,0.78219,0.84315,0.96488,0.96677,0.89535,0.84315,0.96488,0.96677,0.89689,0.42781,0.91942,0.42456,0.9871,6.61799e-05,6.61799e-05,6.61799e-05
390,7316,0.09616,0.09993,0.09844,0.77311,0.82222,0.95697,0.96841,0.89814,0.82222,0.95697,0.96841,0.89908,0.42435,0.92317,0.42165,0.98514,6.20541e-05,6.20541e-05,6.20541e-05
391,7335.42,0.09495,0.09291,0.10011,0.78631,0.84674,0.9518,0.97183,0.89986,0.84674,0.9518,0.97183,0.89964,0.42287,0.9229,0.42513,0.98528,5.79283e-05,5.79283e-05,5.79283e-05
392,7354.09,0.09105,0.09637,0.09847,0.76637,0.84423,0.95307,0.97208,0.90145,0.84423,0.95307,0.97208,0.90079,0.42608,0.92303,0.41444,0.98622,5.38024e-05,5.38024e-05,5.38024e-05
393,7372.79,0.09337,0.09193,0.09855,0.77364,0.89775,0.88875,0.97663,0.90155,0.89775,0.88875,0.97663,0.90415,0.42956,0.91978,0.41627,0.98724,4.96766e-05,4.96766e-05,4.96766e-05
394,7391.41,0.09825,0.1097,0.10116,0.77712,0.91499,0.90853,0.98277,0.9067,0.91499,0.90853,0.98277,0.9098,0.42913,0.91664,0.42746,0.98754,4.55508e-05,4.55508e-05,4.55508e-05
395,7410.13,0.08699,0.09466,0.09273,0.77493,0.92822,0.88488,0.97986,0.90908,0.92822,0.88488,0.97986,0.90997,0.42993,0.91653,0.43049,0.99236,4.1425e-05,4.1425e-05,4.1425e-05
396,7428.94,0.09009,0.09694,0.09751,0.79366,0.91512,0.90998,0.97992,0.90878,0.91512,0.90998,0.97992,0.90898,0.42592,0.90247,0.42867,0.98973,3.72991e-05,3.72991e-05,3.72991e-05
397,7447.62,0.08802,0.09472,0.09541,0.76822,0.86896,0.94141,0.98038,0.90676,0.86896,0.94141,0.98038,0.9098,0.42602,0.9043,0.42478,0.98682,3.31733e-05,3.31733e-05,3.31733e-05
398,7466.29,0.08841,0.09492,0.09752,0.77143,0.85546,0.91284,0.97195,0.90023,0.85546,0.91284,0.97195,0.9086,0.4277,0.91279,0.4203,0.9883,2.90475e-05,2.90475e-05,2.90475e-05
399,7484.91,0.09049,0.09129,0.09615,0.76333,0.94924,0.83652,0.9693,0.90397,0.94924,0.83652,0.9693,0.90331,0.42415,0.91612,0.42442,0.98905,2.49217e-05,2.49217e-05,2.49217e-05
400,7503.55,0.08717,0.09131,0.0948,0.76406,0.95022,0.8358,0.97005,0.90693,0.95022,0.8358,0.97005,0.9068,0.42323,0.92277,0.42829,0.98978,2.07958e-05,2.07958e-05,2.07958e-05
